{
  "test_accuracy": 0.4576564120290356,
  "test_precision": 0.5157022424379812,
  "test_recall": 0.4576564120290356,
  "test_f1": 0.4625718729751514,
  "test_loss": 2.7139610052108765,
  "best_val_accuracy": 0.4553941908713693,
  "num_classes": 100,
  "num_train_samples": 13497,
  "num_val_samples": 2892,
  "num_test_samples": 2893,
  "training_history": {
    "train_loss": [
      4.6204639540778265,
      4.508966233995226,
      4.395288070042928,
      4.289698600769043,
      4.207563983069526,
      4.095147344801161,
      4.019976602660285,
      3.9254463381237454,
      3.8783140977223716,
      3.777145200305515,
      3.682991478178236,
      3.6599656873279147,
      3.5876984463797674,
      3.5011559194988675,
      3.443522479799059,
      3.3623756302727594,
      3.346943669848972,
      3.3058135641945734,
      3.2991739776399402,
      3.2605422867669,
      3.1962854464848838,
      3.194580078125,
      3.1751822233200073,
      3.1191426118214927,
      3.0959752665625677,
      3.0957375632392035,
      3.078959412044949,
      2.9992991288503013,
      3.0321834749645658,
      3.0083274046579995
    ],
    "train_accuracy": [
      0.011261761873008817,
      0.015781284729939987,
      0.03237756538490035,
      0.05623471882640587,
      0.0685337482403497,
      0.092316811143217,
      0.1029858487071201,
      0.12365710898718234,
      0.13402978439653257,
      0.15270060013336298,
      0.1700377861747055,
      0.17974364673631177,
      0.18700451952285693,
      0.2064162406460695,
      0.21878936059865156,
      0.23412610209676224,
      0.239534711417352,
      0.2456101355856857,
      0.24983329628806403,
      0.2526487367563162,
      0.27117137141587017,
      0.2696154701044677,
      0.27524635104097206,
      0.2852485737571312,
      0.2948803437800993,
      0.2925094465436764,
      0.29369489516188785,
      0.3125879825146329,
      0.3065125583462992,
      0.31236571089871823
    ],
    "val_loss": [
      4.723181843757629,
      4.561928868293762,
      4.1346824169158936,
      4.023533999919891,
      3.7654579877853394,
      3.6584994196891785,
      3.5369904041290283,
      3.411611557006836,
      3.309512197971344,
      3.252976953983307,
      3.1837466955184937,
      3.1462807059288025,
      3.083796739578247,
      2.985783040523529,
      2.9784054160118103,
      2.9288352131843567,
      2.9219743609428406,
      2.865074932575226,
      2.8584062457084656,
      2.785042703151703,
      2.8051674365997314,
      2.764674961566925,
      2.728217661380768,
      2.7203086614608765,
      2.6989097595214844,
      2.6758766174316406,
      2.675833821296692,
      2.6652791500091553,
      2.6507445573806763,
      2.6449376940727234
    ],
    "val_accuracy": [
      0.004840940525587829,
      0.019363762102351315,
      0.1078838174273859,
      0.11583679114799447,
      0.18326417704011064,
      0.23997233748271093,
      0.23098201936376211,
      0.2814661134163209,
      0.31431535269709543,
      0.32088520055325037,
      0.34681881051175656,
      0.3537344398340249,
      0.36341632088520054,
      0.3817427385892116,
      0.38416320885200556,
      0.3962655601659751,
      0.39315352697095435,
      0.41044260027662516,
      0.41251728907330565,
      0.42461964038727523,
      0.42531120331950206,
      0.4221991701244813,
      0.4387966804979253,
      0.43326417704011067,
      0.4460580912863071,
      0.44536652835408025,
      0.4363762102351314,
      0.4536652835408022,
      0.4536652835408022,
      0.4553941908713693
    ]
  },
  "config": {
    "model_name": "MIT/ast-finetuned-audioset-10-10-0.4593",
    "num_epochs": 30,
    "batch_size": 768,
    "learning_rate": 0.000224
  }
}