{
  "test_accuracy": 0.8047664277696227,
  "test_precision": 0.8154191816306181,
  "test_recall": 0.8047664277696227,
  "test_f1": 0.8081056421629098,
  "test_loss": 0.8892888575792313,
  "best_val_accuracy": 0.8082901554404145,
  "training_history": {
    "train_loss": [
      1.3981289695686019,
      1.299219311123163,
      1.268311838029136,
      1.2453691724320533,
      1.2334660912903261,
      1.2080617975181258,
      1.185568717164053,
      1.1775592246525723,
      1.1649175210737845,
      1.1492475590235751,
      1.140251487073764,
      1.1198983209233888,
      1.1127430318107068,
      1.1066186310539783,
      1.093181309565692,
      1.0870022706582512,
      1.0673542744676832,
      1.0639109107810008,
      1.0461398405088504,
      1.0436605080752306,
      1.030664884708297,
      1.0261723877678455,
      1.0246119549576664,
      1.0098648113264164,
      1.0082235923955138,
      0.9978887950870353,
      0.9897321227570655,
      0.9845785557384222,
      0.9810802986924078,
      0.9743488766777684
    ],
    "train_accuracy": [
      0.2667789271108973,
      0.31241094724375934,
      0.33152606354434594,
      0.33883532873188876,
      0.3447567587572399,
      0.3579134360948169,
      0.368831072704058,
      0.37308710053477917,
      0.37532614126311503,
      0.38263540645065786,
      0.3861697599970393,
      0.39797561111008306,
      0.40060324568383265,
      0.40128791103051387,
      0.40992949797376066,
      0.4113173331359523,
      0.42130974630373236,
      0.4239558853463111,
      0.4325789678207287,
      0.4321533650376566,
      0.4378712459058863,
      0.43933309894339484,
      0.43951814363168706,
      0.44640180603615776,
      0.4479561814178124,
      0.45395162931848043,
      0.45663477729871765,
      0.45953997890490556,
      0.4591513850594919,
      0.4634814307655299
    ],
    "val_loss": [
      1.264121986925602,
      1.1577716916799545,
      0.9375011846423149,
      1.0721821039915085,
      1.032789509743452,
      1.0573730990290642,
      0.8607202004641294,
      0.774167861789465,
      0.7909560240805149,
      0.7693601865321398,
      0.8715386837720871,
      0.7326542809605598,
      0.8035630434751511,
      0.7500304821878672,
      0.7203661780804396,
      0.8040586020797491,
      0.7427479531615973,
      0.8153867814689875,
      0.753786588087678,
      0.8143646530807018,
      0.8111690767109394,
      0.7919436395168304,
      0.812293054535985,
      0.8039731532335281,
      0.783459672704339,
      0.8489790353924036,
      0.8668111674487591,
      0.9381194654852152,
      0.9261574354022741,
      0.8989103399217129
    ],
    "val_accuracy": [
      0.4335924006908463,
      0.4955958549222798,
      0.6370466321243523,
      0.5007772020725388,
      0.5872193436960277,
      0.5582901554404145,
      0.6575129533678756,
      0.6898963730569948,
      0.707426597582038,
      0.716321243523316,
      0.6693436960276339,
      0.7090673575129534,
      0.7017271157167531,
      0.7196891191709844,
      0.7317789291882556,
      0.7313471502590674,
      0.7382556131260795,
      0.727979274611399,
      0.7715025906735752,
      0.7492227979274612,
      0.7627806563039724,
      0.7849740932642487,
      0.7750431778929189,
      0.7859240069084629,
      0.7917962003454232,
      0.8027633851468048,
      0.8000863557858376,
      0.803972366148532,
      0.8082901554404145,
      0.8061312607944733
    ]
  },
  "config": {
    "model_name": "MIT/ast-finetuned-audioset-10-10-0.4593",
    "num_epochs": 30,
    "batch_size": 768,
    "learning_rate": 0.00022
  }
}